{"GUID":"266B7EAD-002B-495A-A251-A78BF2C22A79","indexData":[0,1,2,0,2,3,4,5,6,4,6,7,8,9,10,8,10,11,12,13,14,12,14,15,16,17,18,16,18,19,20,21,22,20,22,23],"normal":[0.0,0.0,1.0,0.0,0.0,1.0,0.0,0.0,1.0,0.0,0.0,1.0,0.0,-1.0,0.0,0.0,-1.0,0.0,0.0,-1.0,0.0,0.0,-1.0,0.0,-1.0,0.0,0.0,-1.0,0.0,0.0,-1.0,0.0,0.0,-1.0,0.0,0.0,0.0,0.0,-1.0,0.0,0.0,-1.0,0.0,0.0,-1.0,0.0,0.0,-1.0,1.0,0.0,0.0,1.0,0.0,0.0,1.0,0.0,0.0,1.0,0.0,0.0,0.0,1.0,0.0,0.0,1.0,0.0,0.0,1.0,0.0,0.0,1.0,0.0],"positionData":[0.33798205852508545,0.33798205852508545,0.33798205852508545,-0.33798205852508545,0.33798205852508545,0.33798205852508545,-0.33798205852508545,-0.33798205852508545,0.33798205852508545,0.33798205852508545,-0.33798205852508545,0.33798205852508545,0.33798205852508545,-0.33798205852508545,-0.33798205852508545,0.33798205852508545,-0.33798205852508545,0.33798205852508545,-0.33798205852508545,-0.33798205852508545,0.33798205852508545,-0.33798205852508545,-0.33798205852508545,-0.33798205852508545,-0.33798205852508545,-0.33798205852508545,-0.33798205852508545,-0.33798205852508545,-0.33798205852508545,0.33798205852508545,-0.33798205852508545,0.33798205852508545,0.33798205852508545,-0.33798205852508545,0.33798205852508545,-0.33798205852508545,-0.33798205852508545,0.33798205852508545,-0.33798205852508545,0.33798205852508545,0.33798205852508545,-0.33798205852508545,0.33798205852508545,-0.33798205852508545,-0.33798205852508545,-0.33798205852508545,-0.33798205852508545,-0.33798205852508545,0.33798205852508545,0.33798205852508545,-0.33798205852508545,0.33798205852508545,0.33798205852508545,0.33798205852508545,0.33798205852508545,-0.33798205852508545,0.33798205852508545,0.33798205852508545,-0.33798205852508545,-0.33798205852508545,-0.33798205852508545,0.33798205852508545,-0.33798205852508545,-0.33798205852508545,0.33798205852508545,0.33798205852508545,0.33798205852508545,0.33798205852508545,0.33798205852508545,0.33798205852508545,0.33798205852508545,-0.33798205852508545],"texCoord1":[0.625,0.5,0.875,0.5,0.875,0.25,0.625,0.25,0.375,0.25,0.625,0.25,0.625,0.0,0.375,0.0,0.375,1.0,0.625,1.0,0.625,0.75,0.375,0.75,0.125,0.5,0.375,0.5,0.375,0.25,0.125,0.25,0.375,0.5,0.625,0.5,0.625,0.25,0.375,0.25,0.375,0.75,0.625,0.75,0.625,0.5,0.375,0.5],"type":25}