{"GUID":"D707E9A5-6BA0-48CB-BEF9-9A228526BA4A","indexData":[0,1,2,0,2,3,4,5,6,4,6,7,8,9,10,8,10,11,12,13,14,12,14,15,16,17,18,16,18,19,20,21,22,20,22,23],"normal":[0.0,0.0,1.0,0.0,0.0,1.0,0.0,0.0,1.0,0.0,0.0,1.0,0.0,-1.0,0.0,0.0,-1.0,0.0,0.0,-1.0,0.0,0.0,-1.0,0.0,-1.0,0.0,0.0,-1.0,0.0,0.0,-1.0,0.0,0.0,-1.0,0.0,0.0,0.0,0.0,-1.0,0.0,0.0,-1.0,0.0,0.0,-1.0,0.0,0.0,-1.0,1.0,0.0,0.0,1.0,0.0,0.0,1.0,0.0,0.0,1.0,0.0,0.0,0.0,1.0,0.0,0.0,1.0,0.0,0.0,1.0,0.0,0.0,1.0,0.0],"positionData":[0.03318694233894348,0.03318694233894348,0.03318694233894348,-0.03318694233894348,0.03318694233894348,0.03318694233894348,-0.03318694233894348,-0.03318694233894348,0.03318694233894348,0.03318694233894348,-0.03318694233894348,0.03318694233894348,0.03318694233894348,-0.03318694233894348,-0.03318694233894348,0.03318694233894348,-0.03318694233894348,0.03318694233894348,-0.03318694233894348,-0.03318694233894348,0.03318694233894348,-0.03318694233894348,-0.03318694233894348,-0.03318694233894348,-0.03318694233894348,-0.03318694233894348,-0.03318694233894348,-0.03318694233894348,-0.03318694233894348,0.03318694233894348,-0.03318694233894348,0.03318694233894348,0.03318694233894348,-0.03318694233894348,0.03318694233894348,-0.03318694233894348,-0.03318694233894348,0.03318694233894348,-0.03318694233894348,0.03318694233894348,0.03318694233894348,-0.03318694233894348,0.03318694233894348,-0.03318694233894348,-0.03318694233894348,-0.03318694233894348,-0.03318694233894348,-0.03318694233894348,0.03318694233894348,0.03318694233894348,-0.03318694233894348,0.03318694233894348,0.03318694233894348,0.03318694233894348,0.03318694233894348,-0.03318694233894348,0.03318694233894348,0.03318694233894348,-0.03318694233894348,-0.03318694233894348,-0.03318694233894348,0.03318694233894348,-0.03318694233894348,-0.03318694233894348,0.03318694233894348,0.03318694233894348,0.03318694233894348,0.03318694233894348,0.03318694233894348,0.03318694233894348,0.03318694233894348,-0.03318694233894348],"texCoord1":[0.625,0.5,0.875,0.5,0.875,0.25,0.625,0.25,0.375,0.25,0.625,0.25,0.625,0.0,0.375,0.0,0.375,1.0,0.625,1.0,0.625,0.75,0.375,0.75,0.125,0.5,0.375,0.5,0.375,0.25,0.125,0.25,0.375,0.5,0.625,0.5,0.625,0.25,0.375,0.25,0.375,0.75,0.625,0.75,0.625,0.5,0.375,0.5],"type":25}