{
  "GUID": "90CD6548-9223-4BF3-995E-8B13EFD39F12",
  "indexData": [
    0,
    1,
    2,
    3,
    4,
    5,
    6,
    7,
    8,
    9,
    10,
    11,
    12,
    13,
    14,
    15,
    16,
    17,
    18,
    19,
    20,
    21,
    22,
    23,
    24,
    25,
    26,
    27,
    28,
    29,
    30,
    31,
    32,
    33,
    34,
    35,
    36,
    37,
    38,
    39,
    40,
    41,
    42,
    43,
    44,
    45,
    46,
    47,
    48,
    49,
    50,
    51,
    52,
    53,
    54,
    55,
    56,
    57,
    58,
    59,
    60,
    61,
    62,
    63,
    64,
    65,
    66,
    67,
    68,
    69,
    70,
    71,
    72,
    73,
    74,
    75,
    76,
    77,
    78,
    79,
    80,
    81,
    82,
    83
  ],
  "normal": [
    0.0,
    0.5400950312614441,
    0.8416039943695068,
    0.0,
    0.5400949716567993,
    0.8416039943695068,
    0.0,
    0.5400950908660889,
    0.8416040539741516,
    0.0,
    1.233293858149409e-07,
    1.0,
    0.0,
    1.233293858149409e-07,
    1.0,
    0.0,
    1.8499407872241136e-07,
    1.0,
    -1.0,
    0.0,
    -2.638804952326268e-09,
    -1.0,
    0.0,
    -2.638804952326268e-09,
    -1.0,
    0.0,
    5.638708344690713e-08,
    0.0,
    -1.0,
    1.286069988282179e-07,
    0.0,
    -1.0,
    1.286069988282179e-07,
    0.0,
    -1.0,
    1.286069988282179e-07,
    1.0,
    0.0,
    -2.6388027318802187e-09,
    1.0,
    0.0,
    -2.6388027318802187e-09,
    1.0,
    0.0,
    -6.69422988153201e-08,
    0.0,
    -1.233293858149409e-07,
    -1.0,
    0.0,
    -1.233293858149409e-07,
    -1.0,
    0.0,
    -6.166469290747045e-08,
    -1.0,
    0.0,
    -1.948970265175376e-07,
    -1.0,
    0.0,
    -1.948970265175376e-07,
    -1.0,
    0.0,
    -1.948970265175376e-07,
    -1.0,
    -0.8416042327880859,
    0.540094792842865,
    -7.477635932673365e-08,
    -0.8416041135787964,
    0.5400947332382202,
    -7.071092511523602e-08,
    -0.8416041731834412,
    0.5400948524475098,
    -6.509871042226223e-08,
    0.8416041731834412,
    0.5400948524475098,
    -7.477635932673365e-08,
    0.8416041135787964,
    0.5400947332382202,
    -7.071092511523602e-08,
    0.8416041731834412,
    0.5400947332382202,
    -6.509870331683487e-08,
    0.0,
    0.5400947332382202,
    -0.8416042923927307,
    0.0,
    0.5400946736335754,
    -0.8416042923927307,
    0.0,
    0.5400946140289307,
    -0.8416042923927307,
    0.0,
    1.0,
    0.0,
    0.0,
    1.0,
    0.0,
    0.0,
    1.0,
    0.0,
    1.0,
    0.0,
    0.0,
    1.0,
    0.0,
    0.0,
    0.9999999403953552,
    0.0,
    0.0,
    -1.0,
    0.0,
    0.0,
    -1.0,
    0.0,
    0.0,
    -1.0,
    0.0,
    0.0,
    0.0,
    1.625214025580135e-07,
    1.0,
    0.0,
    1.6230703181463468e-07,
    1.0,
    0.0,
    1.2993137943340116e-07,
    1.0,
    0.0,
    0.5400950312614441,
    0.8416039943695068,
    0.0,
    0.5400949716567993,
    0.8416040539741516,
    0.0,
    0.5400949716567993,
    0.8416039943695068,
    0.0,
    1.233293858149409e-07,
    1.0,
    0.0,
    6.166469290747045e-08,
    1.0,
    0.0,
    1.233293858149409e-07,
    1.0,
    -1.0,
    0.0,
    -2.638804952326268e-09,
    -1.0,
    0.0,
    -6.166469290747045e-08,
    -1.0,
    0.0,
    -2.638804952326268e-09,
    0.0,
    -1.0,
    1.286069988282179e-07,
    0.0,
    -1.0,
    1.286069988282179e-07,
    0.0,
    -1.0,
    1.286069988282179e-07,
    1.0,
    0.0,
    -2.6388027318802187e-09,
    1.0,
    0.0,
    6.166469290747045e-08,
    1.0,
    0.0,
    -2.6388027318802187e-09,
    0.0,
    -1.233293858149409e-07,
    -1.0,
    0.0,
    -1.8499407872241136e-07,
    -1.0,
    0.0,
    -1.233293858149409e-07,
    -1.0,
    0.0,
    -1.948970265175376e-07,
    -1.0,
    0.0,
    -1.948970265175376e-07,
    -1.0,
    0.0,
    -1.948970265175376e-07,
    -1.0,
    -0.8416042327880859,
    0.540094792842865,
    -7.477635932673365e-08,
    -0.8416042327880859,
    0.5400946736335754,
    -8.555656449971138e-08,
    -0.8416041135787964,
    0.5400947332382202,
    -7.071092511523602e-08,
    0.8416041731834412,
    0.5400948524475098,
    -7.477635932673365e-08,
    0.8416041135787964,
    0.5400948524475098,
    -8.555658581599346e-08,
    0.8416041135787964,
    0.5400947332382202,
    -7.071092511523602e-08,
    0.0,
    0.5400947332382202,
    -0.8416042923927307,
    0.0,
    0.5400948524475098,
    -0.8416042327880859,
    0.0,
    0.5400946736335754,
    -0.8416042923927307,
    0.0,
    1.0,
    0.0,
    0.0,
    1.0,
    0.0,
    0.0,
    1.0,
    0.0,
    1.0,
    0.0,
    0.0,
    1.0,
    0.0,
    0.0,
    1.0,
    0.0,
    0.0,
    -1.0,
    0.0,
    0.0,
    -1.0,
    0.0,
    0.0,
    -1.0,
    0.0,
    0.0,
    0.0,
    1.625214025580135e-07,
    1.0,
    0.0,
    1.9489706915010174e-07,
    1.0,
    0.0,
    1.6230703181463468e-07,
    1.0
  ],