{
  "GUID": "2F9C5301-7573-4566-9385-7B8B34F3A84F",
  "indexData": [ 0, 1, 2, 3, 4, 5, 6, 7, 8, 9, 10, 11, 12, 13, 14, 15, 16, 17, 18, 19, 20, 21, 22, 23, 24, 25, 26, 27, 28, 29, 30, 31, 32, 33, 34, 35, 36, 37, 38, 39, 40, 41, 42, 43, 44, 45, 46, 47, 48, 49, 50, 51, 52, 53, 54, 55, 56, 57, 58, 59, 60, 61, 62, 63, 64, 65, 66, 67, 68, 69, 70, 71, 72, 73, 74, 75, 76, 77, 78, 79, 80, 81, 82, 83 ],
  "normal": [ 0.0, 0.540094792842865, 0.8416041135787964, 0.0, 0.540094792842865, 0.8416041135787964, 0.0, 0.5400948524475098, 0.8416042327880859, 0.0, 0.0, 1.0, 0.0, 0.0, 1.0, 0.0, 0.0, 1.0, -1.0, 0.0, 0.0, -1.0, 0.0, 0.0, -1.0, 0.0, 0.0, 0.0, -1.0, 0.0, 0.0, -1.0, 0.0, 0.0, -1.0, 0.0, 1.0, 0.0, 0.0, 1.0, 0.0, 0.0, 1.0, 0.0, 0.0, 0.0, 0.0, -1.0, 0.0, 0.0, -1.0, 0.0, 0.0, -1.0, 0.0, 0.0, -1.0, 0.0, 0.0, -1.0, 0.0, 0.0, -1.0, -0.8416042327880859, 0.5400948524475098, 0.0, -0.8416041135787964, 0.540094792842865, 0.0, -0.8416041731834412, 0.5400948524475098, 0.0, 0.8416042327880859, 0.5400948524475098, 0.0, 0.8416041135787964, 0.540094792842865, 0.0, 0.8416041731834412, 0.5400948524475098, 0.0, 0.0, 0.540094792842865, -0.8416041135787964, 0.0, 0.540094792842865, -0.8416041135787964, 0.0, 0.5400948524475098, -0.8416042327880859, 0.0, 1.0, 0.0, 0.0, 1.0, 0.0, 0.0, 1.0, 0.0, 1.0, 0.0, 0.0, 1.0, 0.0, 0.0, 1.0, 0.0, 0.0, -1.0, 0.0, 0.0, -1.0, 0.0, 0.0, -1.0, 0.0, 0.0, 0.0, 0.0, 1.0, 0.0, 0.0, 1.0, 0.0, 0.0, 1.0, 0.0, 0.540094792842865, 0.8416041135787964, 0.0, 0.5400948524475098, 0.8416041731834412, 0.0, 0.540094792842865, 0.8416041135787964, 0.0, 0.0, 1.0, 0.0, 0.0, 1.0, 0.0, 0.0, 1.0, -1.0, 0.0, 0.0, -1.0, 0.0, 0.0, -1.0, 0.0, 0.0, 0.0, -1.0, 0.0, 0.0, -1.0, 0.0, 0.0, -1.0, 0.0, 1.0, 0.0, 0.0, 1.0, 0.0, 0.0, 1.0, 0.0, 0.0, 0.0, 0.0, -1.0, 0.0, 0.0, -1.0, 0.0, 0.0, -1.0, 0.0, 0.0, -1.0, 0.0, 0.0, -1.0, 0.0, 0.0, -1.0, -0.8416042327880859, 0.5400948524475098, 0.0, -0.8416042327880859, 0.540094792842865, 0.0, -0.8416041135787964, 0.540094792842865, 0.0, 0.8416042327880859, 0.5400948524475098, 0.0, 0.8416042327880859, 0.540094792842865, 0.0, 0.8416041135787964, 0.540094792842865, 0.0, 0.0, 0.540094792842865, -0.8416041135787964, 0.0, 0.5400948524475098, -0.8416041731834412, 0.0, 0.540094792842865, -0.8416041135787964, 0.0, 1.0, 0.0, 0.0, 1.0, 0.0, 0.0, 1.0, 0.0, 1.0, 0.0, 0.0, 0.9999999403953552, 0.0, 0.0, 1.0, 0.0, 0.0, -1.0, 0.0, 0.0, -0.9999999403953552, 0.0, 0.0, -1.0, 0.0, 0.0, 0.0, 0.0, 1.0, 0.0, 0.0, 1.0, 0.0, 0.0, 1.0 ],
  "positionData": [ 100.0, 100.0, 100.0, -48.839569091796875, 179.72088623046875, 48.839569091796875, -100.0, 100.0, 100.0, 100.0, 100.0, 100.0, -100.0, -100.0, 100.0, 100.0, -100.0, 100.0, -100.0, 100.0, 100.0, -100.0, -100.0, -100.0, -100.0, -100.0, 100.0, 100.0, -100.0, -100.0, -100.0, -100.0, 100.0, -100.0, -100.0, -100.0, 100.0, 100.0, -100.0, 100.0, -100.0, 100.0, 100.0, -100.0, -100.0, -100.0, 100.0, -100.0, 100.0, -100.0, -100.0, -100.0, -100.0, -100.0, -48.839569091796875, 179.72088623046875, -48.839569091796875, 48.839569091796875, 276.89501953125, -48.839569091796875, 48.839569091796875, 179.72088623046875, -48.839569091796875, -100.0, 100.0, 100.0, -48.839569091796875, 179.72088623046875, -48.839569091796875, -100.0, 100.0, -100.0, 100.0, 100.0, -100.0, 48.839569091796875, 179.72088623046875, 48.839569091796875, 100.0, 100.0, 100.0, -100.0, 100.0, -100.0, 48.839569091796875, 179.72088623046875, -48.839569091796875, 100.0, 100.0, -100.0, -48.839569091796875, 276.89501953125, -48.839569091796875, 48.839569091796875, 276.89501953125, 48.839569091796875, 48.839569091796875, 276.89501953125, -48.839569091796875, 48.839569091796875, 179.72088623046875, -48.839569091796875, 48.839569091796875, 276.89501953125, 48.839569091796875, 48.839569091796875, 179.72088623046875, 48.839569091796875, -48.839569091796875, 179.72088623046875, 48.839569091796875, -48.839569091796875, 276.89501953125, -48.839569091796875, -48.839569091796875, 179.72088623046875, -48.839569091796875, 48.839569091796875, 179.72088623046875, 48.839569091796875, -48.839569091796875, 276.89501953125, 48.839569091796875, -48.839569091796875, 179.72088623046875, 48.839569091796875, 100.0, 100.0, 100.0, 48.839569091796875, 179.72088623046875, 48.839569091796875, -48.839569091796875, 179.72088623046875, 48.839569091796875, 100.0, 100.0, 100.0, -100.0, 100.0, 100.0, -100.0, -100.0, 100.0, -100.0, 100.0, 100.0, -100.0, 100.0, -100.0, -100.0, -100.0, -100.0, 100.0, -100.0, -100.0, 100.0, -100.0, 100.0, -100.0, -100.0, 100.0, 100.0, 100.0, -100.0, 100.0, 100.0, 100.0, 100.0, -100.0, 100.0, -100.0, 100.0, -100.0, 100.0, 100.0, -100.0, 100.0, -100.0, -100.0, -48.839569091796875, 179.72088623046875, -48.839569091796875, -48.839569091796875, 276.89501953125, -48.839569091796875, 48.839569091796875, 276.89501953125, -48.839569091796875, -100.0, 100.0, 100.0, -48.839569091796875, 179.72088623046875, 48.839569091796875, -48.839569091796875, 179.72088623046875, -48.839569091796875, 100.0, 100.0, -100.0, 48.839569091796875, 179.72088623046875, -48.839569091796875, 48.839569091796875, 179.72088623046875, 48.839569091796875, -100.0, 100.0, -100.0, -48.839569091796875, 179.72088623046875, -48.839569091796875, 48.839569091796875, 179.72088623046875, -48.839569091796875, -48.839569091796875, 276.89501953125, -48.839569091796875, -48.839569091796875, 276.89501953125, 48.839569091796875, 48.839569091796875, 276.89501953125, 48.839569091796875, 48.839569091796875, 179.72088623046875, -48.839569091796875, 48.839569091796875, 276.89501953125, -48.839569091796875, 48.839569091796875, 276.89501953125, 48.839569091796875, -48.839569091796875, 179.72088623046875, 48.839569091796875, -48.839569091796875, 276.89501953125, 48.839569091796875, -48.839569091796875, 276.89501953125, -48.839569091796875, 48.839569091796875, 179.72088623046875, 48.839569091796875, 48.839569091796875, 276.89501953125, 48.839569091796875, -48.839569091796875, 276.89501953125, 48.839569091796875 ],
  "texCoord1": [ 0.625, 0.25, 0.625, 0.0, 0.625, 0.0, 0.625, 0.25, 0.375, 0.0, 0.375, 0.25, 0.625, 1.0, 0.375, 0.75, 0.375, 1.0, 0.375, 0.5, 0.125, 0.25, 0.125, 0.5, 0.625, 0.5, 0.375, 0.25, 0.375, 0.5, 0.625, 0.75, 0.375, 0.5, 0.375, 0.75, 0.625, 0.75, 0.625, 0.5, 0.625, 0.5, 0.625, 1.0, 0.625, 0.75, 0.625, 0.75, 0.625, 0.5, 0.625, 0.25, 0.625, 0.25, 0.625, 0.75, 0.625, 0.5, 0.625, 0.5, 0.875, 0.5, 0.625, 0.25, 0.625, 0.5, 0.625, 0.5, 0.625, 0.25, 0.625, 0.25, 0.625, 1.0, 0.625, 0.75, 0.625, 0.75, 0.625, 0.25, 0.625, 0.0, 0.625, 0.0, 0.625, 0.25, 0.625, 0.25, 0.625, 0.0, 0.625, 0.25, 0.625, 0.0, 0.375, 0.0, 0.625, 1.0, 0.625, 0.75, 0.375, 0.75, 0.375, 0.5, 0.375, 0.25, 0.125, 0.25, 0.625, 0.5, 0.625, 0.25, 0.375, 0.25, 0.625, 0.75, 0.625, 0.5, 0.375, 0.5, 0.625, 0.75, 0.625, 0.75, 0.625, 0.5, 0.625, 1.0, 0.625, 1.0, 0.625, 0.75, 0.625, 0.5, 0.625, 0.5, 0.625, 0.25, 0.625, 0.75, 0.625, 0.75, 0.625, 0.5, 0.875, 0.5, 0.875, 0.25, 0.625, 0.25, 0.625, 0.5, 0.625, 0.5, 0.625, 0.25, 0.625, 1.0, 0.625, 1.0, 0.625, 0.75, 0.625, 0.25, 0.625, 0.25, 0.625, 0.0 ],
  "type":25}